{
    "Rice": {
        "lag_1": 5493.333333333333,
        "lag_2": 4912.0,
        "min_price": 3600.0,
        "max_price": 5913.0,
        "std_price": 212.22370744204474
    },
    "Wheat": {
        "lag_1": 4127.0,
        "lag_2": 4164.555555555556,
        "min_price": 3500.0,
        "max_price": 4738.0,
        "std_price": 149.00297407878742
    },
    "Potatoes": {
        "lag_1": 3216.6666666666665,
        "lag_2": 3282.6666666666665,
        "min_price": 2112.0,
        "max_price": 5441.0,
        "std_price": 505.90707586034733
    },
    "Onions": {
        "lag_1": 2817.6,
        "lag_2": 2354.8,
        "min_price": 1723.0,
        "max_price": 4040.9999999999995,
        "std_price": 489.8779694425952
    },
    "Tomatoes": {
        "lag_1": 3995.8340000000003,
        "lag_2": 4045.6666666666665,
        "min_price": 100.94,
        "max_price": 9930.0,
        "std_price": 956.33308657155
    },
    "Lentils (moong)": {
        "lag_1": 114.60333333333334,
        "lag_2": 115.445,
        "min_price": 100.0,
        "max_price": 9890.0,
        "std_price": 699.4511119043678
    },
    "Chickpeas": {
        "lag_1": 8100.0,
        "lag_2": 7653.0,
        "min_price": 6200.0,
        "max_price": 8100.0,
        "std_price": 588.9590907746145
    },
    "Oil (groundnut)": {
        "lag_1": 210.57833333333335,
        "lag_2": 209.552,
        "min_price": 183.0,
        "max_price": 253.48,
        "std_price": 5.553323017379957
    },
    "Sugar": {
        "lag_1": 4098.0,
        "lag_2": 4063.8,
        "min_price": 3800.0,
        "max_price": 4197.0,
        "std_price": 72.69410445302546
    }
}